title,body,rating,reviewer_name,reviewer_email,created_at,product_handle
Finally found something that works,"I've tried everything - chiropractors, massage therapy, heating pads. Nothing worked long-term. This stretcher gave me relief on DAY ONE. I use it every morning now and my back has never felt better.",5,Michael R.,michael.r.review@email.com,2026-02-15,back-stretcher
Skeptical at first but WOW,"I'll be honest, I thought this was going to be another gimmick. But after 2 weeks of using it daily, I'm a believer. The difference in how I feel when I wake up is incredible.",5,Sarah K.,sarah.k.review@email.com,2026-02-18,back-stretcher
Worth every penny,"I was spending $80/week at the chiropractor. This does the same thing at home for a one-time price. Do the math - it pays for itself immediately.",5,David L.,david.l.review@email.com,2026-02-20,back-stretcher
Great for desk workers,"I work from home and sit 10+ hours a day. My lower back was killing me. Now I use this for 5 minutes before bed and wake up without stiffness. Game changer.",5,Jennifer M.,jennifer.m.review@email.com,2026-02-22,back-stretcher
Bought one for my whole family,"Got one for myself first. After a week, I ordered 3 more for my parents and sister. At this price, everyone with back issues should have one.",5,Robert T.,robert.t.review@email.com,2026-02-24,back-stretcher
Easy to use even for seniors,"I'm 68 and was worried this would be complicated. It's incredibly simple - just lie down and let it work. My wife uses it too and she's 72.",5,Margaret H.,margaret.h.review@email.com,2026-02-26,back-stretcher
Shipping was fast,"Ordered on Monday, arrived on Thursday. Packaging was good, product exactly as described. Started using it right away.",5,Chris P.,chris.p.review@email.com,2026-02-28,back-stretcher
Better than my foam roller,"I've been foam rolling for years but this targets my spine in a way I could never achieve on my own. The 3 levels are perfect for progression.",5,Amanda S.,amanda.s.review@email.com,2026-03-01,back-stretcher
Helps with my sciatica,"I have sciatic nerve issues and this has been a lifesaver. The gentle stretch takes pressure off and I can actually sit through meetings now.",5,Thomas W.,thomas.w.review@email.com,2026-03-02,back-stretcher
My morning routine essential,"Coffee and Calmora. That's how I start every day now. 3 minutes on this thing and I feel ready for anything.",5,Nicole B.,nicole.b.review@email.com,2026-03-03,back-stretcher
Solid construction,"I was worried it wouldn't hold my weight (I'm 240 lbs) but it's incredibly sturdy. Been using it daily for a month with no issues.",5,James D.,james.d.review@email.com,2026-03-04,back-stretcher
Perfect for post-workout,"I lift weights 4x a week and my lower back always felt compressed. This decompresses everything perfectly after a heavy session.",5,Brandon M.,brandon.m.review@email.com,2026-03-05,back-stretcher
No more painkillers,"I was taking ibuprofen daily for my back. Haven't touched a pill in 3 weeks since I started using this. My doctor is impressed.",5,Patricia C.,patricia.c.review@email.com,2026-03-06,back-stretcher
Great customer service,"Had a question about which level to start on. Emailed support and got a helpful response within hours. Product itself is excellent.",5,Kevin J.,kevin.j.review@email.com,2026-03-07,back-stretcher
Travel-friendly,"I travel for work and threw it in my suitcase. Used it in my hotel room after a long flight. Lightweight but effective.",5,Michelle A.,michelle.a.review@email.com,2026-03-08,back-stretcher
Wish I found this sooner,"Spent thousands on treatments over the years. This $40 device works better than all of them. Seriously, just try it.",5,Steven G.,steven.g.review@email.com,2026-03-08,back-stretcher
Pregnant wife loves it,"My wife is 7 months pregnant and her back was killing her. She uses this on the lowest setting and it helps so much. Safe and gentle.",5,Daniel F.,daniel.f.review@email.com,2026-03-09,back-stretcher
Works for upper back too,"I position it higher up for my upper back/shoulder area. Works great for both lower AND upper back tension.",5,Laura E.,laura.e.review@email.com,2026-03-09,back-stretcher
Good quality plastic,"Feels solid and premium, not like cheap plastic. The massage points are firm but not painful. Well designed.",5,Ryan N.,ryan.n.review@email.com,2026-03-10,back-stretcher
30-day guarantee gave me confidence,"I was hesitant to buy but the money-back guarantee made me try it. No need to return - it actually works!",5,Emily V.,emily.v.review@email.com,2026-03-10,back-stretcher
Nurse approved,"I'm a nurse and on my feet 12 hours. This is the first thing I do when I get home. Total relief. Recommending to all my coworkers.",5,Ashley R.,ashley.r.review@email.com,2026-03-10,back-stretcher
Simple but effective,"No batteries, no complicated setup. Just put it down and lie on it. Sometimes the simple solutions are the best.",5,Mark T.,mark.t.review@email.com,2026-03-11,back-stretcher
Feels like a professional stretch,"That feeling when a chiropractor adjusts you? This is similar. Gentle decompression that you can feel working.",5,Kimberly L.,kimberly.l.review@email.com,2026-03-11,back-stretcher
Blue color looks nice,"Got the blue one. Looks sleek, not like medical equipment. I leave it out in my living room and it doesn't look out of place.",5,Jason H.,jason.h.review@email.com,2026-03-11,back-stretcher
Results from day one,"Some products take weeks to work. I felt the difference after my first 5-minute session. Immediate relief.",5,Stephanie M.,stephanie.m.review@email.com,2026-03-11,back-stretcher
Chronic pain sufferer here,"I've had back problems for 15 years. This doesn't cure everything but it definitely helps manage the daily discomfort. Highly recommend.",5,William C.,william.c.review@email.com,2026-03-12,back-stretcher
Great gift idea,"Bought this for my dad for his birthday. He uses it every day and won't stop talking about it. Best gift I've ever given him.",5,Rebecca P.,rebecca.p.review@email.com,2026-03-12,back-stretcher
Works as described,"Does exactly what it says. No gimmicks, no false promises. Just a simple tool that helps stretch your back. 5 stars.",5,Andrew K.,andrew.k.review@email.com,2026-03-12,back-stretcher
Better sleep now,"My back pain used to wake me up at night. Since using this before bed, I sleep through the night. Didn't expect that bonus.",5,Melissa J.,melissa.j.review@email.com,2026-03-12,back-stretcher
Took a chance and glad I did,"Saw an ad, almost scrolled past. So glad I didn't. This thing actually delivers on its promises.",5,Christopher B.,christopher.b.review@email.com,2026-03-12,back-stretcher
Level 1 is enough for me,"I only use the lowest arch setting and it's perfect. Nice that there are options but don't feel like you need to go higher.",4,Nancy W.,nancy.w.review@email.com,2026-03-13,back-stretcher
Good for herniated disc,"I have a herniated disc and was nervous to try this. Started very gently on level 1. It actually helps relieve the pressure.",5,George S.,george.s.review@email.com,2026-03-13,back-stretcher
Replaced my inversion table,"Had a big bulky inversion table that I never used. This is compact, easy, and I actually use it daily. Much better.",5,Lisa D.,lisa.d.review@email.com,2026-03-13,back-stretcher
Husband and wife approved,"My husband and I both use it. Different body types, different back issues, works for both of us.",5,Carol A.,carol.a.review@email.com,2026-03-13,back-stretcher
Instant stress relief,"Something about stretching my spine just releases all the stress. It's become my meditation time.",5,Timothy R.,timothy.r.review@email.com,2026-03-13,back-stretcher
Recommend to all my gym buddies,"I'm a personal trainer and I recommend this to all my clients with back tightness. Simple, effective, affordable.",5,Brian M.,brian.m.review@email.com,2026-03-13,back-stretcher
No more cracking my own back,"I used to twist and crack my back constantly. Now I just use this instead. Much safer and more effective.",5,Donna F.,donna.f.review@email.com,2026-03-13,back-stretcher
Posture has improved,"After a month of daily use, I actually stand straighter. My wife noticed before I did.",5,Richard E.,richard.e.review@email.com,2026-03-14,back-stretcher
Five stars earned,"I don't give 5 stars easily. This product earned it. Does what it promises, built well, great value.",5,Susan N.,susan.n.review@email.com,2026-03-14,back-stretcher
Take it to the office,"I keep mine at my office desk. Quick stretch during lunch break makes the afternoon so much better.",5,Joseph T.,joseph.t.review@email.com,2026-03-14,back-stretcher
Gentle enough for beginners,"I was nervous about hurting myself but the lowest setting is very gentle. Easy to progress when ready.",5,Barbara L.,barbara.l.review@email.com,2026-03-14,back-stretcher
Amazing price point,"For under $40 this is incredible value. I've spent more on a single massage that didn't help as much.",5,Charles K.,charles.k.review@email.com,2026-03-14,back-stretcher
Fixed my morning stiffness,"I used to need 20 minutes to ""loosen up"" every morning. Now I use this for 3 minutes and I'm good to go.",5,Linda H.,linda.h.review@email.com,2026-03-14,back-stretcher
Exceeded expectations,"Honestly expected it to be ""okay"" at best. It's genuinely great. Exceeded all my expectations.",5,Paul J.,paul.j.review@email.com,2026-03-14,back-stretcher
Perfect after long drives,"I drive for Uber and my back was wrecked. Now I stretch with this when I get home. Total relief.",5,Sandra M.,sandra.m.review@email.com,2026-03-14,back-stretcher
The massage points are key,"The little bumps massage while you stretch. Double benefit. Really well thought out design.",5,Kenneth D.,kenneth.d.review@email.com,2026-03-14,back-stretcher
Kids can use it too,"My teenage son uses it after basketball practice. Safe for all ages. The whole family shares it.",5,Betty R.,betty.r.review@email.com,2026-03-14,back-stretcher
Worth trying risk-free,"With the 30-day guarantee, there's no risk. Try it. You'll keep it like I did.",5,Donald W.,donald.w.review@email.com,2026-03-14,back-stretcher
Life changing purchase,"I know that sounds dramatic but my quality of life has genuinely improved since I started using this.",5,Ruth C.,ruth.c.review@email.com,2026-03-14,back-stretcher
Second purchase for parents,"Bought one for myself last month. Just ordered again for my parents. That says everything.",5,Matthew P.,matthew.p.review@email.com,2026-03-14,back-stretcher
